{
  "ret_boundaries": [
    -0.0007638491644256866,
    -0.0002814559906983465,
    -7.235222619691137e-05,
    7.272502487159509e-05,
    0.00027837663679321055,
    0.000751073372163877
  ],
  "body_boundaries": [
    0.32142857142859976,
    0.6199999999998309
  ],
  "vol_boundaries": [
    0.5830528608196397,
    1.3944413474556023,
    1.9541335932620034
  ],
  "wick_min_atr_fraction": 0.1
}