{
  "ret_boundaries": [
    -0.000763819637381603,
    -0.0002814517657979906,
    -7.235667663588224e-05,
    7.272105849905176e-05,
    0.0002783743369941291,
    0.0007510640890917424
  ],
  "body_boundaries": [
    0.32142857142859976,
    0.6199999999997196
  ],
  "vol_boundaries": [
    0.5829304459826216,
    1.3944412346519726,
    1.9541079294601844
  ],
  "wick_min_atr_fraction": 0.1
}